City_ID,City,Country,Date,Lat,Lng,Max Temp,Humidity,Cloudiness,Wind Speed
0,Olinda,BR,2022-04-13 23:43:48,-8.0089,-34.8553,82.13,69,0,4.61
1,Jamestown,US,2022-04-13 23:43:49,42.097,-79.2353,69.39,61,0,4.61
2,Khorixas,NA,2022-04-13 23:43:49,-20.3667,14.9667,71.22,39,55,2.1
3,Mahebourg,MU,2022-04-13 23:39:07,-20.4081,57.7,78.26,88,75,11.5
4,Kloulklubed,PW,2022-04-13 23:43:49,7.0419,134.2556,79.3,80,90,16.17
5,Mataura,NZ,2022-04-13 23:43:50,-46.1927,168.8643,59.49,53,53,3.85
6,Bernburg,DE,2022-04-13 23:43:50,51.8,11.7333,52.47,82,92,7.92
7,Punta Arenas,CL,2022-04-13 23:43:36,-53.15,-70.9167,53.71,76,20,33.38
8,Taltal,CL,2022-04-13 23:43:51,-25.4,-70.4833,61.18,79,20,2.26
9,Cape Town,ZA,2022-04-13 23:40:27,-33.9258,18.4232,64.89,85,0,16.11
10,Victoria Point,AU,2022-04-13 23:43:51,-27.5833,153.3,75.18,72,44,5.99
11,New Norfolk,AU,2022-04-13 23:43:52,-42.7826,147.0587,56.91,61,100,3.42
12,Tateyama,JP,2022-04-13 23:43:52,34.9833,139.8667,59.09,86,94,17.07
13,Bethel,US,2022-04-13 23:40:24,41.3712,-73.414,69.89,61,0,3.44
14,Caen,FR,2022-04-13 23:43:37,49.0833,-0.4167,50.22,93,9,2.3
15,Hasaki,JP,2022-04-13 23:43:53,35.7333,140.8333,54.28,87,100,25.68
16,Port Alfred,ZA,2022-04-13 23:43:53,-33.5906,26.891,61.18,94,68,4.0
17,Komsomolskiy,UZ,2022-04-13 23:43:53,40.4272,71.7189,63.32,59,2,6.91
18,Yellowknife,CA,2022-04-13 23:41:46,62.456,-114.3525,15.3,60,20,8.05
19,Maputo,MZ,2022-04-13 23:43:54,-25.9653,32.5892,76.68,78,20,4.61
20,Hithadhoo,MV,2022-04-13 23:43:54,-0.6,73.0833,83.39,74,95,8.86
21,Teguise,ES,2022-04-13 23:43:55,29.0605,-13.564,61.02,72,40,13.8
22,Busselton,AU,2022-04-13 23:43:55,-33.65,115.3333,56.53,78,0,8.55
23,Kajaani,FI,2022-04-13 23:43:56,64.2273,27.7285,33.85,64,0,3.44
24,Bluff,NZ,2022-04-13 23:43:56,-46.6,168.3333,59.81,73,72,18.16
25,Mitsamiouli,KM,2022-04-13 23:43:56,-11.3847,43.2844,81.84,76,97,8.25
26,Natal,BR,2022-04-13 23:43:57,-5.795,-35.2094,81.25,83,20,9.22
27,Bilma,NE,2022-04-13 23:43:57,18.6853,12.9164,84.72,8,22,6.78
28,Cherskiy,RU,2022-04-13 23:43:57,68.75,161.3,10.26,85,99,7.92
29,Husavik,IS,2022-04-13 23:43:58,66.0449,-17.3389,34.32,83,84,13.98
30,Vaini,TO,2022-04-13 23:43:58,-21.2,-175.2,84.36,89,20,9.22
31,Hermanus,ZA,2022-04-13 23:43:58,-34.4187,19.2345,63.81,88,100,7.87
32,Ushuaia,AR,2022-04-13 23:43:59,-54.8,-68.3,51.46,76,75,31.07
33,Lodja,CD,2022-04-13 23:43:59,-3.4833,23.4333,69.62,99,88,1.28
34,Lorengau,PG,2022-04-13 23:44:00,-2.0226,147.2712,85.08,69,27,10.58
35,Lavrentiya,RU,2022-04-13 23:44:00,65.5833,-171.0,26.47,85,86,12.08
36,Albany,US,2022-04-13 23:44:00,42.6001,-73.9662,70.21,71,76,4.14
37,Ajaccio,FR,2022-04-13 23:44:01,42.0,8.9167,44.65,81,0,6.91
38,Bambous Virieux,MU,2022-04-13 23:44:01,-20.3428,57.7575,78.22,88,75,11.5
39,Faanui,PF,2022-04-13 23:44:01,-16.4833,-151.75,81.57,74,8,14.09
40,East London,ZA,2022-04-13 23:44:02,-33.0153,27.9116,68.11,85,33,8.14
41,Port Elizabeth,ZA,2022-04-13 23:44:02,-33.918,25.5701,63.32,91,20,14.97
42,Nanortalik,GL,2022-04-13 23:44:02,60.1432,-45.2371,35.76,82,100,0.83
43,Hilo,US,2022-04-13 23:44:03,19.7297,-155.09,84.27,86,75,4.0
44,Castro,BR,2022-04-13 23:44:03,-24.7911,-50.0119,62.24,96,91,0.92
45,Kulhudhuffushi,MV,2022-04-13 23:44:04,6.6221,73.07,83.03,70,100,2.01
46,Kastamonu,TR,2022-04-13 23:44:04,41.5,33.6667,31.73,78,97,5.91
47,Novoselitskoye,RU,2022-04-13 23:45:04,44.7508,43.4369,42.46,74,84,6.33
48,Zhezkazgan,KZ,2022-04-13 23:45:05,47.8043,67.7144,48.18,66,0,11.18
49,Hambantota,LK,2022-04-13 23:45:05,6.1241,81.1185,79.2,84,94,10.4
50,Gigmoto,PH,2022-04-13 23:45:05,13.7796,124.39,81.19,76,94,5.46
51,Northam,GB,2022-04-13 23:45:06,51.0333,-4.2167,48.38,93,56,3.71
52,Bengkulu,ID,2022-04-13 23:45:06,-3.8004,102.2655,76.55,85,62,3.42
53,Avarua,CK,2022-04-13 23:44:54,-21.2078,-159.775,84.25,74,20,4.61
54,Deputatskiy,RU,2022-04-13 23:45:07,69.3,139.9,1.35,96,100,3.8
55,Assiniboia,CA,2022-04-13 23:45:08,49.6334,-105.9845,17.42,86,100,26.46
56,Camana,PE,2022-04-13 23:45:08,-16.6228,-72.7111,67.48,81,8,7.4
57,Atuona,PF,2022-04-13 23:45:09,-9.8,-139.0333,78.87,79,48,17.13
58,Shache,CN,2022-04-13 23:45:09,38.4167,77.2406,63.19,34,99,2.86
59,Ancud,CL,2022-04-13 23:45:10,-41.8697,-73.8203,54.23,90,56,3.29
60,Hobart,AU,2022-04-13 23:44:58,-42.8794,147.3294,57.25,82,0,8.05
61,Thompson,CA,2022-04-13 23:45:11,55.7435,-97.8558,24.96,58,75,23.02
62,Georgetown,MY,2022-04-13 23:45:11,5.4112,100.3354,78.75,94,20,2.3
63,Yaan,NG,2022-04-13 23:45:12,7.3833,8.5667,77.05,78,100,6.02
64,Bredasdorp,ZA,2022-04-13 23:45:12,-34.5322,20.0403,63.09,85,99,5.48
65,Saldanha,ZA,2022-04-13 23:45:13,-33.0117,17.9442,62.65,89,100,20.85
66,Barrow,US,2022-04-13 23:45:13,71.2906,-156.7887,-0.38,71,0,8.05
67,Ribeira Grande,PT,2022-04-13 23:45:14,38.5167,-28.7,59.67,62,2,16.98
68,Kodiak,US,2022-04-13 23:45:15,57.79,-152.4072,45.91,46,0,17.27
69,Itarema,BR,2022-04-13 23:45:15,-2.9248,-39.9167,77.61,86,41,7.29
70,Te Anau,NZ,2022-04-13 23:45:16,-45.4167,167.7167,57.25,54,49,0.83
71,Longkou,CN,2022-04-13 23:45:16,37.6508,120.3286,49.01,61,36,6.11
72,Kavaratti,IN,2022-04-13 23:45:17,10.5669,72.642,80.56,82,100,21.85
73,Kondinskoye,RU,2022-04-13 23:45:17,59.6481,67.41,35.91,88,95,9.95
74,Fallon,US,2022-04-13 23:41:13,39.4735,-118.7774,55.27,16,75,14.97
75,Omboue,GA,2022-04-13 23:45:18,-1.5746,9.2618,77.45,92,97,2.37
76,Tarpon Springs,US,2022-04-13 23:45:18,28.1461,-82.7568,81.25,71,0,4.61
77,Arraial Do Cabo,BR,2022-04-13 23:41:14,-22.9661,-42.0278,76.96,94,40,4.61
78,Rikitea,PF,2022-04-13 23:45:18,-23.1203,-134.9692,78.22,70,11,16.02
79,Launceston,AU,2022-04-13 23:45:19,-41.45,147.1667,58.64,77,100,16.11
80,Plettenberg Bay,ZA,2022-04-13 23:45:19,-34.0527,23.3716,63.75,88,78,8.25
81,Nyimba,ZM,2022-04-13 23:45:19,-14.5566,30.8149,66.7,95,49,3.18
82,Bathsheba,BB,2022-04-13 23:45:20,13.2167,-59.5167,79.41,69,20,17.27
83,Bonavista,CA,2022-04-13 23:45:20,48.6499,-53.1147,31.64,86,100,28.59
84,Panuco,MX,2022-04-13 23:45:21,22.05,-98.1667,87.84,54,48,16.91
85,Provideniya,RU,2022-04-13 23:45:21,64.3833,-173.3,28.51,93,100,15.99
86,Taitung,TW,2022-04-13 23:45:21,22.7583,121.1444,75.47,78,40,3.44
87,Pacific Grove,US,2022-04-13 23:45:22,36.6177,-121.9166,62.55,63,0,13.8
88,Aboisso,CI,2022-04-13 23:45:22,5.4678,-3.2071,76.91,90,99,1.99
89,Mandalgovi,MN,2022-04-13 23:45:23,45.7625,106.2708,29.05,41,100,14.85
90,Tupancireta,BR,2022-04-13 23:45:23,-29.0806,-53.8358,59.86,94,87,7.45
91,Klaksvik,FO,2022-04-13 23:45:23,62.2266,-6.589,43.72,88,73,18.7
92,Gorontalo,ID,2022-04-13 23:45:24,0.5412,123.0595,80.67,81,100,1.36
93,Tungor,RU,2022-04-13 23:45:24,53.3808,142.9564,26.53,71,44,9.48
94,Aksu,CN,2022-04-13 23:46:25,41.1231,80.2644,59.23,25,85,7.45
95,Ventersburg,ZA,2022-04-13 23:46:25,-28.0856,27.1381,55.62,63,0,2.89
96,Roebourne,AU,2022-04-13 23:46:25,-20.7833,117.1333,84.97,29,5,4.81
97,Silver City,US,2022-04-13 23:46:26,32.7701,-108.2803,58.62,4,1,18.01
98,Acarau,BR,2022-04-13 23:46:26,-2.8856,-40.12,78.01,85,35,7.74
99,Alekseyevsk,RU,2022-04-13 23:46:26,57.8406,108.3492,31.06,91,100,16.91
100,Tommot,RU,2022-04-13 23:46:27,58.9564,126.2925,30.34,83,100,9.15
101,Lagos,NG,2022-04-13 23:45:37,6.5833,3.75,80.92,86,73,4.12
102,Bushehr,IR,2022-04-13 23:46:27,28.9684,50.8385,77.09,65,75,6.91
103,Ilulissat,GL,2022-04-13 23:43:33,69.2167,-51.1,21.22,86,75,2.3
104,Talnakh,RU,2022-04-13 23:46:27,69.4865,88.3972,29.21,96,100,5.37
105,Salinopolis,BR,2022-04-13 23:46:28,-0.6136,-47.3561,78.3,89,99,8.5
106,San Cristobal,VE,2022-04-13 23:46:28,7.7669,-72.225,77.18,66,98,2.51
107,Jagupit,PH,2022-04-13 23:46:28,9.2422,125.5581,82.13,71,94,3.67
108,Altagracia De Orituco,VE,2022-04-13 23:46:29,9.8601,-66.3814,75.22,77,79,8.79
109,Gizo,SB,2022-04-13 23:46:29,-8.103,156.8419,84.54,66,31,4.74
110,Baghdad,IQ,2022-04-13 23:43:28,33.3406,44.4009,58.91,36,0,8.05
111,Muroto,JP,2022-04-13 23:46:30,33.2833,134.15,64.99,91,70,12.15
112,Terra Santa,BR,2022-04-13 23:46:30,-2.1042,-56.4869,76.96,90,100,2.55
113,Carnarvon,AU,2022-04-13 23:46:31,-24.8667,113.6333,64.47,72,0,12.66
114,Porto Novo,BJ,2022-04-13 23:46:31,6.4965,2.6036,82.22,80,99,6.93
115,Makat,KZ,2022-04-13 23:42:57,47.6469,53.3463,53.42,62,2,12.19
116,Pangoa,PE,2022-04-13 23:46:31,-12.1167,-73.0,71.76,95,92,1.43
117,Manicore,BR,2022-04-13 23:46:32,-5.8092,-61.3003,77.02,90,100,1.66
118,Kaitong,CN,2022-04-13 23:46:32,44.8135,123.15,49.12,27,100,11.61
119,Andijon,UZ,2022-04-13 23:46:33,40.7821,72.3442,61.88,56,5,5.75
120,Lebu,CL,2022-04-13 23:45:59,-37.6167,-73.65,52.61,87,0,17.36
121,Geraldton,AU,2022-04-13 23:46:33,-28.7667,114.6,63.01,82,0,10.36
122,Comodoro Rivadavia,AR,2022-04-13 23:46:33,-45.8667,-67.5,64.26,42,0,10.36
123,Salvador,SV,2022-04-13 23:46:34,13.8333,-88.9167,81.0,59,81,6.38
124,Sao Filipe,CV,2022-04-13 23:46:16,14.8961,-24.4956,71.44,76,9,6.87
125,Upernavik,GL,2022-04-13 23:46:34,72.7868,-56.1549,-7.51,99,95,7.63
126,Qui Nhon,VN,2022-04-13 23:46:35,13.7667,109.2333,78.46,87,100,0.47
127,Kamenka,RU,2022-04-13 23:46:35,51.3223,42.7678,49.1,92,100,13.85
128,Ylojarvi,FI,2022-04-13 23:46:36,61.5563,23.5961,37.94,65,0,3.44
129,Ejido,VE,2022-04-13 23:46:36,8.5514,-71.2375,70.07,81,94,3.47
130,Oak Harbor,US,2022-04-13 23:45:13,48.2932,-122.6432,50.18,50,100,9.22
131,Vestmannaeyjar,IS,2022-04-13 23:46:36,63.4427,-20.2734,44.96,88,98,38.34
132,Marovoay,MG,2022-04-13 23:46:37,-16.1,46.6333,73.53,78,0,5.66
133,Vila Velha,BR,2022-04-13 23:46:37,-20.3297,-40.2925,82.35,88,0,8.05
134,Kapaa,US,2022-04-13 23:46:38,22.0752,-159.319,82.38,76,40,13.8
135,Pisco,PE,2022-04-13 23:44:48,-13.7,-76.2167,67.01,77,0,17.27
136,Constitucion,CL,2022-04-13 23:46:38,-35.3333,-72.4167,55.81,61,0,9.75
137,Severo-Kurilsk,RU,2022-04-13 23:46:38,50.6789,156.125,29.66,82,99,25.17
138,Bay Roberts,CA,2022-04-13 23:47:39,47.5999,-53.2648,35.06,86,100,8.01
139,Catuday,PH,2022-04-13 23:47:39,16.2923,119.8062,81.66,68,94,7.49
140,Manhush,UA,2022-04-13 23:47:40,47.0558,37.3107,42.53,100,100,9.57
141,Khandyga,RU,2022-04-13 23:47:40,62.6667,135.6,21.69,89,93,4.14
142,Muncar,ID,2022-04-13 23:47:40,-8.4333,114.3333,79.41,80,20,1.12
143,Camocim,BR,2022-04-13 23:47:41,-2.9022,-40.8411,77.59,87,46,6.89
144,Margate,GB,2022-04-13 23:47:41,51.3813,1.3862,51.31,82,1,1.01
145,Salinas,US,2022-04-13 23:43:48,36.6777,-121.6555,63.48,49,0,13.8
146,Ponta Delgada,PT,2022-04-13 23:44:37,37.7333,-25.6667,61.52,88,20,13.8
147,Fortuna,US,2022-04-13 23:47:42,40.5982,-124.1573,48.92,90,75,17.27
148,Bundaberg,AU,2022-04-13 23:46:21,-24.85,152.35,71.22,80,40,10.36
149,Batagay,RU,2022-04-13 23:47:43,67.6333,134.6333,13.57,89,98,0.92
150,Victoria,HK,2022-04-13 23:44:22,22.2855,114.1577,77.95,78,6,5.99
151,Alofi,NU,2022-04-13 23:47:43,-19.0595,-169.9187,80.49,89,75,6.91
152,Souillac,MU,2022-04-13 23:47:44,-20.5167,57.5167,77.38,88,75,11.5
153,Ryotsu,JP,2022-04-13 23:47:44,38.0833,138.4333,50.09,77,99,14.83
154,Saint-Philippe,RE,2022-04-13 23:46:02,-21.3585,55.7679,76.59,88,77,15.17
155,Kapit,MY,2022-04-13 23:47:45,2.0167,112.9333,75.25,97,85,1.39
156,Makakilo City,US,2022-04-13 23:47:45,21.3469,-158.0858,82.72,50,100,20.71
157,Plouzane,FR,2022-04-13 23:47:46,48.3833,-4.6167,50.32,100,100,3.44
158,Sioux Lookout,CA,2022-04-13 23:47:46,50.1001,-91.917,30.27,93,100,8.05
159,Chapais,CA,2022-04-13 23:47:46,49.7834,-74.8492,44.38,91,62,4.41
160,Dikson,RU,2022-04-13 23:47:47,73.5069,80.5464,20.41,96,100,9.98
161,Sur,OM,2022-04-13 23:47:47,22.5667,59.5289,85.44,32,1,7.02
162,Mindelo,CV,2022-04-13 23:47:48,16.8901,-24.9804,69.35,64,20,23.02
163,Qiqihar,CN,2022-04-13 23:47:48,47.3408,123.9672,43.54,30,74,14.52
164,Golyshmanovo,RU,2022-04-13 23:47:48,56.3979,68.3728,42.75,72,75,13.47
165,Qaanaaq,GL,2022-04-13 23:47:49,77.484,-69.3632,-1.03,93,100,6.49
166,Kosino,RU,2022-04-13 23:47:49,58.4127,51.2782,32.58,99,63,2.95
167,Mar Del Plata,AR,2022-04-13 23:47:50,-38.0023,-57.5575,58.08,81,0,7.0
168,North Bend,US,2022-04-13 23:47:50,43.4065,-124.2243,48.85,95,100,9.22
169,Tiksi,RU,2022-04-13 23:47:50,71.6872,128.8694,-5.12,99,100,4.81
170,Yar-Sale,RU,2022-04-13 23:47:51,66.8333,70.8333,33.17,99,100,5.61
171,Saskylakh,RU,2022-04-13 23:47:51,71.9167,114.0833,0.63,95,100,9.22
172,Southbridge,US,2022-04-13 23:44:57,42.0751,-72.0334,68.11,85,61,5.48
173,Zolotyy Potik,UA,2022-04-13 23:47:52,48.9095,25.3393,41.07,69,74,4.18
174,La Palma,US,2022-04-13 23:47:52,33.8464,-118.0467,77.95,34,0,9.22
175,Torbay,CA,2022-04-13 23:47:53,47.6666,-52.7314,34.29,94,100,17.27
176,Karratha,AU,2022-04-13 23:47:53,-20.7377,116.8463,84.51,31,1,4.36
177,Paramonga,PE,2022-04-13 23:47:53,-10.6667,-77.8333,67.41,82,13,9.44
178,Diffa,NE,2022-04-13 23:47:54,13.3154,12.6113,86.56,14,53,6.49
179,Gambela,ET,2022-04-13 23:47:54,8.25,34.5833,75.88,70,62,5.93
180,San-Pedro,CI,2022-04-13 23:47:55,4.7485,-6.6363,74.98,91,95,6.91
181,Mujiayingzi,CN,2022-04-13 23:47:55,42.1167,118.7833,42.66,45,4,9.86
182,Saint-Paul,RE,2022-04-13 23:47:56,-21.0096,55.2707,77.11,82,22,4.7
183,Veraval,IN,2022-04-13 23:47:56,20.9,70.3667,78.12,81,0,13.27
184,Malakal,SS,2022-04-13 23:48:56,9.5334,31.6605,85.01,42,3,2.53
185,Westport,US,2022-04-13 23:48:57,41.1415,-73.3579,68.14,71,0,8.05
186,Longyearbyen,SJ,2022-04-13 23:48:57,78.2186,15.6401,17.44,67,75,3.44
187,Meulaboh,ID,2022-04-13 23:48:57,4.1363,96.1285,76.5,88,57,3.76
188,Srandakan,ID,2022-04-13 23:48:58,-7.9386,110.2506,78.33,82,54,3.96
189,Kalmar,SE,2022-04-13 23:48:58,56.6616,16.3616,43.97,84,75,1.14
190,Antofagasta,CL,2022-04-13 23:48:59,-23.65,-70.4,61.88,86,25,3.06
191,Iqaluit,CA,2022-04-13 23:48:59,63.7506,-68.5145,1.13,78,20,18.41
192,Awbari,LY,2022-04-13 23:48:59,26.5921,12.7805,78.69,7,67,4.92
193,Cabo San Lucas,MX,2022-04-13 23:45:15,22.8909,-109.9124,80.62,60,80,8.1
194,Morrisburg,CA,2022-04-13 23:49:00,44.9001,-75.1826,50.58,94,100,9.84
195,Fairbanks,US,2022-04-13 23:45:02,64.8378,-147.7164,43.3,35,75,1.01
196,Maumere,ID,2022-04-13 23:49:00,-8.6199,122.2111,81.7,80,100,1.12
197,Vanimo,PG,2022-04-13 23:44:54,-2.6741,141.3028,85.32,66,73,5.26
198,Padang,ID,2022-04-13 23:49:01,-0.9492,100.3543,73.45,83,73,3.29
199,Kalmunai,LK,2022-04-13 23:49:01,7.4167,81.8167,78.13,84,81,3.36
200,Ponta Do Sol,PT,2022-04-13 23:48:39,32.6667,-17.1,64.71,83,60,3.2
201,Rabo De Peixe,PT,2022-04-13 23:49:02,37.8,-25.5833,60.31,88,20,13.8
202,Butaritari,KI,2022-04-13 23:49:03,3.0707,172.7902,81.72,76,87,16.22
203,Tual,ID,2022-04-13 23:49:03,-5.6667,132.75,83.28,72,90,3.38
204,Colac,AU,2022-04-13 23:49:04,-38.3333,143.5833,62.83,49,96,7.81
205,Necochea,AR,2022-04-13 23:49:04,-38.5473,-58.7368,55.72,70,0,8.99
206,Najran,SA,2022-04-13 23:49:04,17.4924,44.1277,74.05,34,0,5.1
207,Nikolskoye,RU,2022-04-13 23:49:05,59.7035,30.7861,35.8,92,85,2.8
208,Mednogorsk,RU,2022-04-13 23:49:05,51.4128,57.595,52.66,76,87,6.67
209,Port Macquarie,AU,2022-04-13 23:47:33,-31.4333,152.9167,69.89,88,40,5.75
210,Chokurdakh,RU,2022-04-13 23:49:06,70.6333,147.9167,0.63,90,49,2.71
211,Antalaha,MG,2022-04-13 23:49:06,-14.9003,50.2788,73.06,87,4,6.38
212,Saint George,US,2022-04-13 23:47:44,37.1041,-113.5841,63.63,8,0,18.41
213,Tasiilaq,GL,2022-04-13 23:49:07,65.6145,-37.6368,26.76,84,100,5.95
214,Riyadh,SA,2022-04-13 23:47:42,24.6877,46.7219,80.74,29,100,8.32
215,Puerto Escondido,MX,2022-04-13 23:49:08,15.85,-97.0667,84.52,67,98,7.65
216,Ixtapa,MX,2022-04-13 23:49:08,20.7,-105.2,78.22,80,25,8.01
217,College,US,2022-04-13 23:49:08,64.8569,-147.8028,43.29,35,75,1.01
218,Griffith,US,2022-04-13 23:46:03,41.5284,-87.4237,64.33,90,100,13.8
219,Oxelosund,SE,2022-04-13 23:49:09,58.6706,17.1015,39.58,81,75,11.5
220,La Ronge,CA,2022-04-13 23:49:09,55.1001,-105.2842,25.05,50,100,12.66
221,Sakakah,SA,2022-04-13 23:49:10,29.9697,40.2064,69.37,25,19,12.84
222,Bajil,YE,2022-04-13 23:49:10,15.0584,43.2851,86.23,39,0,2.84
223,Ahuimanu,US,2022-04-13 23:49:11,21.4447,-157.8378,83.91,62,100,18.41
224,Clyde River,CA,2022-04-13 23:49:11,70.4692,-68.5914,-9.17,84,20,2.3
225,Richards Bay,ZA,2022-04-13 23:49:12,-28.783,32.0377,70.39,79,89,6.35
226,Acari,PE,2022-04-13 23:49:12,-15.4311,-74.6158,70.21,73,2,3.53
227,Thunder Bay,CA,2022-04-13 23:49:13,48.4001,-89.3168,40.28,65,100,24.16
228,Pombia,IT,2022-04-13 23:49:13,45.653,8.6336,57.09,69,0,5.75
229,Isangel,VU,2022-04-13 23:49:14,-19.55,169.2667,83.34,72,11,5.88
230,Amahai,ID,2022-04-13 23:49:15,-3.3333,128.9167,82.26,73,82,1.45
231,Namatanai,PG,2022-04-13 23:50:15,-3.6667,152.4333,85.01,66,70,4.5
232,Matamoros,MX,2022-04-13 23:50:15,25.5333,-103.25,85.78,6,28,3.42
233,Narsaq,GL,2022-04-13 23:50:16,60.9167,-46.05,36.52,60,97,6.76
234,Boyolangu,ID,2022-04-13 23:50:16,-8.1181,111.8935,77.63,84,26,0.49
235,Luanda,AO,2022-04-13 23:50:04,-8.8368,13.2343,77.22,89,100,9.04
236,Kampot,KH,2022-04-13 23:50:17,10.6167,104.1833,84.25,83,83,4.36
237,Phangnga,TH,2022-04-13 23:50:17,8.4509,98.5298,77.04,91,88,2.55
238,Hoquiam,US,2022-04-13 23:45:42,46.9809,-123.8893,45.93,87,100,4.0
239,Bambanglipuro,ID,2022-04-13 23:50:18,-7.95,110.2833,77.95,81,46,3.78
240,Puerto Ayora,EC,2022-04-13 23:50:19,-0.7393,-90.3518,77.43,85,85,7.94
241,Sorland,NO,2022-04-13 23:50:19,67.667,12.6934,38.5,72,11,9.28
242,Berdigestyakh,RU,2022-04-13 23:50:19,62.0989,126.6992,27.19,93,100,8.28
243,Yamada,JP,2022-04-13 23:50:20,39.4667,141.95,40.64,89,100,7.83
244,Snasa,NO,2022-04-13 23:50:20,64.2457,12.3778,26.51,98,89,4.0
245,Bonthe,SL,2022-04-13 23:45:21,7.5264,-12.505,78.24,85,86,3.11
246,Tautira,PF,2022-04-13 23:50:20,-17.7333,-149.15,81.37,75,34,18.88
247,Banda Aceh,ID,2022-04-13 23:50:21,5.5577,95.3222,80.35,80,94,5.57
248,Caravelas,BR,2022-04-13 23:50:21,-17.7125,-39.2481,76.55,85,6,6.06
249,Mangrol,IN,2022-04-13 23:48:38,21.1167,70.1167,78.31,83,0,11.48
250,Chabahar,IR,2022-04-13 23:50:21,25.2919,60.643,80.82,55,8,2.39
251,Beloha,MG,2022-04-13 23:50:22,-25.1667,45.05,73.11,65,63,4.81
252,Ostrovnoy,RU,2022-04-13 23:50:22,68.0531,39.5131,11.21,97,94,7.02
253,Palmaner,IN,2022-04-13 23:50:23,13.2,78.75,71.33,91,99,1.59
254,Oranjemund,NA,2022-04-13 23:50:23,-28.55,16.4333,58.12,91,99,3.94
255,Abonnema,NG,2022-04-13 23:50:24,4.7084,6.7931,79.09,89,86,3.36
256,Kathmandu,NP,2022-04-13 23:49:56,27.7167,85.3167,64.62,94,20,3.44
257,Taksimo,RU,2022-04-13 23:50:24,56.3444,114.8794,25.9,71,100,2.84
258,Likasi,CD,2022-04-13 23:50:25,-10.9814,26.7333,61.0,96,93,2.48
259,Esfarayen,IR,2022-04-13 23:50:25,37.0765,57.5101,55.06,19,55,9.4
260,Mercedes,AR,2022-04-13 23:50:25,-34.6515,-59.4307,54.79,55,1,5.21
261,Vila,PT,2022-04-13 23:50:26,42.0304,-8.1588,44.71,89,52,3.29
262,Kuusamo,FI,2022-04-13 23:50:26,65.9667,29.1833,26.64,86,0,1.14
263,Nangong,CN,2022-04-13 23:50:27,37.3581,115.3744,54.19,38,100,4.68
264,Ginda,IN,2022-04-13 23:50:27,30.6945,78.4932,55.09,42,26,8.77
265,Acapulco,MX,2022-04-13 23:45:43,16.8634,-99.8901,81.99,70,95,10.94
266,Izumo,JP,2022-04-13 23:50:28,35.3667,132.7667,57.09,94,75,16.11
267,Oxbow,CA,2022-04-13 23:50:28,49.2333,-102.1676,23.65,93,100,24.79
268,Brigantine,US,2022-04-13 23:47:58,39.4101,-74.3646,72.03,76,0,6.91
269,Kununurra,AU,2022-04-13 23:50:29,-15.7667,128.7333,78.78,89,87,4.61
270,Matipo,BR,2022-04-13 23:50:29,-20.2839,-42.3411,70.09,93,64,2.77
271,Kavieng,PG,2022-04-13 23:50:29,-2.5744,150.7967,85.32,68,72,11.7
272,Viransehir,TR,2022-04-13 23:50:30,37.2353,39.7631,39.22,33,0,4.12
273,Kyra,RU,2022-04-13 23:50:30,49.5776,111.9753,32.74,38,74,4.12
274,Hami,CN,2022-04-13 23:50:30,42.8,93.45,46.56,19,1,16.78
275,Tarko-Sale,RU,2022-04-13 23:50:31,64.9225,77.785,30.11,92,100,9.98
276,Angoche,MZ,2022-04-13 23:51:31,-16.2325,39.9086,78.01,79,0,5.84
277,Buin,CL,2022-04-13 23:51:31,-33.7333,-70.75,73.44,19,0,3.04
278,Mount Pleasant,US,2022-04-13 23:51:32,32.7941,-79.8626,73.99,82,0,6.91
279,Pocone,BR,2022-04-13 23:51:33,-16.2567,-56.6228,79.59,76,24,3.4
280,Beringovskiy,RU,2022-04-13 23:51:33,63.05,179.3167,30.76,99,100,10.51
281,Pangai,TO,2022-04-13 23:51:33,-19.8,-174.35,84.31,65,20,6.91
282,Sangamner,IN,2022-04-13 23:50:31,19.5667,74.2167,82.29,16,61,5.59
283,Kiama,AU,2022-04-13 23:51:34,-34.6833,150.8667,71.58,77,26,1.99
284,Cidreira,BR,2022-04-13 23:51:34,-30.1811,-50.2056,68.72,71,100,7.31
285,Half Moon Bay,US,2022-04-13 23:50:50,37.4636,-122.4286,63.41,56,0,17.27
286,Suraabad,AZ,2022-04-13 23:51:35,40.8192,49.4687,47.3,81,3,15.21
287,Kaitangata,NZ,2022-04-13 23:48:50,-46.2817,169.8464,59.34,57,26,6.78
288,Vardo,NO,2022-04-13 23:51:35,70.3705,31.1107,29.75,75,76,8.21
289,Hamilton,US,2022-04-13 23:51:36,39.1834,-84.5333,67.77,86,40,10.36
290,Agudos,BR,2022-04-13 23:51:36,-22.4692,-48.9875,71.85,90,0,3.44
291,Talcahuano,CL,2022-04-13 23:51:36,-36.7167,-73.1167,56.88,77,0,10.36
292,Hofn,IS,2022-04-13 23:51:37,64.2539,-15.2082,40.14,90,100,11.36
293,Sao Joao Da Barra,BR,2022-04-13 23:51:37,-21.6403,-41.0511,77.72,90,42,8.46
294,Fort Nelson,CA,2022-04-13 23:51:37,58.8053,-122.7002,26.19,28,20,5.75
295,Agadir,MA,2022-04-13 23:51:38,30.4202,-9.5982,61.25,70,2,1.92
296,Cockburn Town,TC,2022-04-13 23:51:38,21.4612,-71.1419,76.96,81,29,25.48
297,Marawi,PH,2022-04-13 23:51:38,7.9986,124.2928,72.79,80,99,2.28
298,Gobabis,NA,2022-04-13 23:51:39,-22.45,18.9667,64.9,28,28,2.48
299,Tingi,TZ,2022-04-13 23:51:39,-11.3,35.0333,64.44,96,79,4.21
300,Yeppoon,AU,2022-04-13 23:51:39,-23.1333,150.7333,73.18,68,16,13.62
301,Jiaocheng,CN,2022-04-13 23:51:40,24.6774,116.1389,66.85,74,53,3.91
302,Nuuk,GL,2022-04-13 23:51:40,64.1835,-51.7216,25.88,92,70,15.01
303,Porto Velho,BR,2022-04-13 23:48:35,-8.7619,-63.9039,80.65,89,20,0.0
304,Tefe,BR,2022-04-13 23:51:40,-3.3542,-64.7114,75.85,96,95,1.9
305,Muros,ES,2022-04-13 23:51:41,42.7762,-9.0603,49.84,93,81,5.84
306,Abu Kamal,SY,2022-04-13 23:51:41,34.4506,40.9171,55.89,19,67,9.06
307,Terrell,US,2022-04-13 23:51:42,32.736,-96.2753,74.1,31,0,13.8
308,Nome,US,2022-04-13 23:51:42,64.5011,-165.4064,38.16,69,75,12.66
309,Carahue,CL,2022-04-13 23:51:42,-38.7,-73.1667,46.98,93,0,2.13
310,Mastic Beach,US,2022-04-13 23:51:43,40.7668,-72.8521,63.99,83,0,6.91
311,Noumea,NC,2022-04-13 23:49:18,-22.2763,166.4572,84.18,99,2,5.68
312,Jalu,LY,2022-04-13 23:51:43,29.0331,21.5482,66.13,24,53,11.63
313,Coquimbo,CL,2022-04-13 23:51:44,-29.9533,-71.3436,55.13,94,0,5.75
314,Iskenderun,TR,2022-04-13 23:51:44,36.5872,36.1735,51.08,43,0,3.02
315,Kieta,PG,2022-04-13 23:51:44,-6.2167,155.6333,84.69,69,42,4.79
316,Sheridan,US,2022-04-13 23:48:22,44.8333,-106.9173,19.78,65,0,34.52
317,Grand-Lahou,CI,2022-04-13 23:51:45,5.1367,-5.0242,80.58,85,96,9.19
318,Chuy,UY,2022-04-13 23:51:45,-33.6971,-53.4616,56.23,69,8,8.25
319,Kemijarvi,FI,2022-04-13 23:51:46,66.7131,27.4306,30.31,90,100,3.24
320,Alta Floresta,BR,2022-04-13 23:51:46,-9.8756,-56.0861,75.45,87,22,1.14
321,Luderitz,NA,2022-04-13 23:51:47,-26.6481,15.1594,61.36,80,57,8.81
322,Boralday,KZ,2022-04-13 23:51:47,43.3578,76.8594,49.86,71,40,4.47
323,Pevek,RU,2022-04-13 23:51:47,69.7008,170.3133,5.58,85,62,4.05
324,Tuktoyaktuk,CA,2022-04-13 23:52:48,69.4541,-133.0374,1.4,78,75,16.11
325,Bhum,IN,2022-04-13 23:52:48,18.4667,75.6667,87.03,24,99,2.68
326,Kailua,US,2022-04-13 23:52:36,21.4022,-157.7394,84.18,66,100,9.22
327,Mackenzie,CA,2022-04-13 23:52:49,55.2999,-123.1698,26.82,43,75,9.22
328,Minab,IR,2022-04-13 23:52:49,27.1467,57.0801,73.72,53,96,1.14
329,Sitka,US,2022-04-13 23:52:49,57.0531,-135.33,44.49,23,0,4.61
330,Florianopolis,BR,2022-04-13 23:51:59,-27.6146,-48.5012,70.83,79,75,10.36
331,Cayenne,GF,2022-04-13 23:52:50,4.9333,-52.3333,81.09,1,75,6.91
332,Viedma,AR,2022-04-13 23:52:50,-40.8135,-62.9967,54.1,67,9,3.38
333,Innisfail,AU,2022-04-13 23:52:50,-17.5333,146.0333,82.09,63,84,9.73
334,Palatka,US,2022-04-13 23:52:51,29.6486,-81.6376,77.63,64,94,9.26
335,Khatanga,RU,2022-04-13 23:52:51,71.9667,102.5,5.88,95,100,8.34
336,Jijiga,ET,2022-04-13 23:52:52,9.35,42.8,67.39,63,91,2.1
337,Kozhevnikovo,RU,2022-04-13 23:52:52,56.2589,83.9714,25.25,93,5,2.8
338,Kapoeta,SS,2022-04-13 23:52:52,4.7717,33.5903,80.98,53,15,4.43
339,Bilibino,RU,2022-04-13 23:52:53,68.0546,166.4372,23.79,75,100,4.47
340,Solnechnyy,RU,2022-04-13 23:52:53,50.7214,136.6319,31.23,78,94,1.52
341,Saint-Pierre,RE,2022-04-13 23:52:53,-21.3393,55.4781,76.68,87,100,4.61
342,Bagdarin,RU,2022-04-13 23:52:54,54.4333,113.6,24.37,68,73,3.11
343,Bandarbeyla,SO,2022-04-13 23:52:54,9.4942,50.8122,79.34,83,11,2.55
344,Maraa,BR,2022-04-13 23:52:54,-1.8333,-65.3667,75.47,95,96,3.15
345,Aracaju,BR,2022-04-13 23:49:49,-10.9111,-37.0717,82.35,78,40,10.36
346,Atambua,ID,2022-04-13 23:52:55,-9.1061,124.8925,78.87,73,100,1.5
347,Labrea,BR,2022-04-13 23:52:55,-7.2586,-64.7981,75.7,95,91,0.54
348,Korla,CN,2022-04-13 23:52:55,41.7597,86.1469,54.66,34,54,2.01
349,Andreapol,RU,2022-04-13 23:52:56,56.6513,32.2664,28.83,96,11,2.62
350,Warmbad,NA,2022-04-13 23:52:56,-28.45,18.7333,68.23,47,51,6.26
351,Lompoc,US,2022-04-13 23:52:57,34.6391,-120.4579,69.78,56,0,25.99
352,San Patricio,US,2022-04-13 23:52:57,28.017,-97.5169,95.18,69,23,17.25
353,Mayo,US,2022-04-13 23:52:57,38.8876,-76.5119,81.48,63,0,11.5
354,Santa Rosa,PH,2022-04-13 23:52:58,14.3122,121.1114,85.08,75,90,3.2
355,Campo Formoso,BR,2022-04-13 23:52:58,-10.5075,-40.3214,75.76,52,19,3.42
356,Ishim,RU,2022-04-13 23:52:58,56.1128,69.4902,43.5,70,43,12.28
357,Sadabad,IN,2022-04-13 23:52:59,27.45,78.05,81.82,18,0,6.93
358,Havre-Saint-Pierre,CA,2022-04-13 23:52:59,50.2334,-63.5986,35.96,87,100,2.3
359,Khorramshahr,IR,2022-04-13 23:52:59,30.4397,48.1664,75.16,25,0,13.8
360,Nata,PA,2022-04-13 23:53:00,8.3333,-80.5167,82.27,66,100,11.07
361,Singaraja,ID,2022-04-13 23:53:00,-8.112,115.0882,81.27,74,12,2.53
362,Taoudenni,ML,2022-04-13 23:53:00,22.6783,-3.9836,81.81,11,0,10.92
363,Allapalli,IN,2022-04-13 23:53:01,19.4167,80.0667,84.97,54,77,6.53
364,Hit,IQ,2022-04-13 23:53:01,33.6416,42.8251,61.83,22,100,14.52
365,Weymouth,US,2022-04-13 23:53:01,42.2209,-70.9398,66.38,69,40,13.8
366,Madimba,TZ,2022-04-13 23:53:02,-10.4,40.3333,76.37,89,63,6.24
367,Lingao,CN,2022-04-13 23:53:03,19.9103,109.6859,75.43,73,39,2.26
368,Manta,EC,2022-04-13 23:53:03,-0.95,-80.7333,78.58,73,40,9.22
369,Lannion,FR,2022-04-13 23:53:03,48.75,-3.4167,50.54,97,54,3.44
370,Sibolga,ID,2022-04-13 23:54:04,1.7427,98.7792,76.86,86,99,2.8
371,Miranda De Ebro,ES,2022-04-13 23:54:04,42.6865,-2.947,50.58,94,63,3.4
372,Negombo,LK,2022-04-13 23:54:04,7.2083,79.8358,75.25,100,40,3.44
373,Lerwick,GB,2022-04-13 23:54:05,60.1545,-1.1494,39.2,78,66,11.9
374,Rafai,CF,2022-04-13 23:54:05,4.95,23.9167,69.1,96,100,0.6
375,Gornopravdinsk,RU,2022-04-13 23:54:06,60.05,69.9,37.26,84,98,9.53
376,Bam,IR,2022-04-13 23:54:06,29.106,58.357,76.19,16,51,8.97
377,Gander,CA,2022-04-13 23:54:06,48.9682,-54.5906,30.33,92,100,24.16
378,Bloomingdale,US,2022-04-13 23:50:01,27.8936,-82.2404,80.74,70,0,4.61
379,Coahuayana,MX,2022-04-13 23:54:07,18.7333,-103.6833,81.03,67,100,5.79
380,Bend,US,2022-04-13 23:49:38,44.0582,-121.3153,42.66,50,40,8.01
381,Sobolevo,RU,2022-04-13 23:54:07,54.4299,31.8996,33.26,91,17,6.78
382,Uyuni,BO,2022-04-13 23:54:08,-20.4597,-66.825,47.64,14,0,12.97
383,Farafangana,MG,2022-04-13 23:54:08,-22.8167,47.8333,73.94,87,26,6.53
384,Council Bluffs,US,2022-04-13 23:51:00,41.2619,-95.8608,51.78,24,75,20.71
385,Evensk,RU,2022-04-13 23:54:09,61.95,159.2333,25.93,87,100,10.74
386,Carballo,ES,2022-04-13 23:54:09,43.213,-8.691,55.09,82,80,2.08
387,Rio Grande,BR,2022-04-13 23:54:10,-32.035,-52.0986,62.94,58,93,10.22
388,Francisco Sa,BR,2022-04-13 23:54:10,-16.4758,-43.4883,75.34,63,67,4.68
389,Mbandaka,CD,2022-04-13 23:54:11,0.0487,18.2603,72.01,97,93,4.25
390,Klamath Falls,US,2022-04-13 23:54:11,42.2249,-121.7817,36.86,89,98,4.0
391,Sibu,MY,2022-04-13 23:54:11,2.3,111.8167,73.71,100,40,5.01
392,Sayyan,YE,2022-04-13 23:54:12,15.1718,44.3244,58.21,38,1,3.18
393,Sembe,CG,2022-04-13 23:54:12,1.6481,14.5806,70.47,99,100,3.6
394,Buala,SB,2022-04-13 23:54:13,-8.145,159.5921,84.92,69,54,8.86
395,Bhadrapur,NP,2022-04-13 23:54:13,26.544,88.0944,76.37,72,1,6.46
396,Baykit,RU,2022-04-13 23:53:35,61.67,96.37,35.87,87,100,12.33
397,Krasnoselkup,RU,2022-04-13 23:54:14,65.7,82.4667,33.31,99,100,8.7
398,Mount Isa,AU,2022-04-13 23:54:14,-20.7333,139.5,87.57,25,19,10.36
399,Brownsville,US,2022-04-13 23:53:19,25.9018,-97.4975,95.0,64,2,18.39
400,Martaban,MM,2022-04-13 23:54:15,16.5314,97.6111,80.76,76,35,3.65
401,Turayf,SA,2022-04-13 23:54:15,31.6725,38.6637,55.65,30,0,9.22
402,Yakeshi,CN,2022-04-13 23:54:16,49.2833,120.7333,35.19,36,2,5.79
403,Harper,LR,2022-04-13 23:54:16,4.375,-7.7169,78.93,87,100,8.77
404,Tuatapere,NZ,2022-04-13 23:54:16,-46.1333,167.6833,59.31,56,70,2.37
405,Elizabeth City,US,2022-04-13 23:54:17,36.2946,-76.2511,77.02,70,77,3.0
406,Ranong,TH,2022-04-13 23:54:17,9.9658,98.6348,73.33,83,96,2.8
407,Shangrao,CN,2022-04-13 23:54:17,28.4532,117.9686,59.74,93,100,2.21
408,Lososina,RU,2022-04-13 23:54:18,48.9975,140.3106,32.65,69,23,5.3
409,Teixoso,PT,2022-04-13 23:54:18,40.3145,-7.4576,46.35,94,41,4.43
410,Avera,US,2022-04-13 23:54:19,33.194,-82.5271,76.51,65,96,6.38
411,Chuguyevka,RU,2022-04-13 23:54:19,44.1653,133.8633,47.17,35,59,0.76
412,Kaeo,NZ,2022-04-13 23:54:20,-35.1,173.7833,71.33,65,80,4.97
413,Si Sa Ket,TH,2022-04-13 23:54:20,14.8333,104.3333,87.01,64,96,4.29
414,Ugoofaaru,MV,2022-04-13 23:55:20,5.6667,73.0,83.07,75,97,6.96
415,Guanare,VE,2022-04-13 23:55:21,9.0418,-69.7421,80.62,57,70,3.44
416,Lazo,RU,2022-04-13 23:55:21,43.3817,133.9014,47.82,33,97,1.48
417,Kahului,US,2022-04-13 23:55:21,20.8947,-156.47,78.96,80,70,8.99
418,Buckeye,US,2022-04-13 23:55:22,33.3703,-112.5838,78.3,5,0,6.91
419,Vachi,RU,2022-04-13 23:55:22,42.072,47.2151,19.27,86,54,9.13
420,Nhamunda,BR,2022-04-13 23:55:22,-2.1861,-56.7131,76.77,91,100,2.37
421,Kruisfontein,ZA,2022-04-13 23:55:23,-34.0033,24.7314,61.34,84,76,7.81
422,Belaya Kalitva,RU,2022-04-13 23:55:23,48.17,40.78,41.11,87,100,12.73
423,Ilhabela,BR,2022-04-13 23:55:23,-23.7781,-45.3581,76.05,91,100,3.36
424,Parsons,US,2022-04-13 23:55:24,37.3403,-95.2611,51.98,45,62,11.25
425,Ekibastuz,KZ,2022-04-13 23:55:24,51.6667,75.3667,39.81,67,57,7.4
426,Tucumcari,US,2022-04-13 23:51:25,35.1717,-103.725,62.44,6,0,32.21
427,Ifanadiana,MG,2022-04-13 23:55:24,-21.3,47.6333,67.3,99,70,0.74
428,Ola,RU,2022-04-13 23:55:25,59.5833,151.2833,28.15,61,100,10.96
429,Udarnyy,RU,2022-04-13 23:55:25,54.3409,42.8611,45.12,92,98,8.79
430,Sunds,DK,2022-04-13 23:55:26,56.2042,9.0127,47.7,100,100,4.61
431,Labuan,MY,2022-04-13 23:55:26,5.2767,115.2417,79.16,94,20,0.0
432,Tadine,NC,2022-04-13 23:52:48,-21.55,167.8833,79.65,65,1,5.88
433,Labuhan,ID,2022-04-13 23:55:26,-6.8844,112.2051,79.07,83,26,5.21
434,Yurimaguas,PE,2022-04-13 23:55:27,-5.9,-76.0833,75.52,81,42,3.42
435,Nizhniy Kuranakh,RU,2022-04-13 23:55:27,58.8353,125.4869,30.2,82,100,10.18
436,Vad,RU,2022-04-13 23:55:27,55.5301,44.2114,44.91,91,92,6.98
437,Saint-Joseph,RE,2022-04-13 23:55:28,-21.3667,55.6167,75.58,88,42,14.14
438,Shumikha,RU,2022-04-13 23:55:28,55.2261,63.2961,47.23,85,68,9.75
439,Lakes Entrance,AU,2022-04-13 23:55:28,-37.8811,147.981,62.78,60,2,3.89
440,Nishihara,JP,2022-04-13 23:55:29,26.1842,127.7558,75.25,81,75,8.05
441,Bubaque,GW,2022-04-13 23:55:29,11.2833,-15.8333,75.34,74,100,19.71
442,Puerto Leguizamo,CO,2022-04-13 23:55:29,-0.1934,-74.7819,73.26,99,100,2.59
443,Xiongzhou,CN,2022-04-13 23:55:30,25.1167,114.3,65.32,74,66,5.19
444,Berlevag,NO,2022-04-13 23:55:30,70.8578,29.0864,22.8,87,96,6.15
445,Sibi,PK,2022-04-13 23:55:30,29.5448,67.8764,80.92,10,0,4.74
446,Maralal,KE,2022-04-13 23:55:31,1.0968,36.698,59.5,85,31,5.66
447,Mlawa,PL,2022-04-13 23:55:31,53.1128,20.3841,41.76,68,100,7.94
448,Vestmanna,FO,2022-04-13 23:55:31,62.1564,-7.1664,41.92,87,100,13.8
449,Miragoane,HT,2022-04-13 23:55:32,18.4423,-73.0876,79.63,72,30,4.54
450,Flin Flon,CA,2022-04-13 23:55:32,54.7682,-101.865,28.24,54,100,12.66
451,Kalispell,US,2022-04-13 23:55:33,48.1958,-114.3129,34.38,39,100,6.6
452,San Angelo,US,2022-04-13 23:55:33,31.4638,-100.437,79.9,6,0,11.01
453,Porto Murtinho,BR,2022-04-13 23:55:33,-21.6989,-57.8825,75.31,78,73,6.89
454,Palestine,PS,2022-04-13 23:55:34,31.9216,35.2033,47.93,81,39,4.38
455,Dunedin,NZ,2022-04-13 23:55:34,-45.8742,170.5036,58.93,48,21,0.63
456,Phek,IN,2022-04-13 23:55:34,25.6667,94.5,56.05,91,74,2.08
457,Olbia,IT,2022-04-13 23:55:35,40.9214,9.4856,48.25,93,40,1.14
458,Kihei,US,2022-04-13 23:55:35,20.785,-156.4656,78.96,80,75,1.01
459,Madang,PG,2022-04-13 23:55:35,-5.2246,145.7966,79.95,84,99,1.54
460,Aykhal,RU,2022-04-13 23:56:36,66.0,111.5,19.47,95,97,15.52
461,Wilmington,US,2022-04-13 23:55:35,34.2257,-77.9447,72.0,68,85,4.0
462,Leningradskiy,RU,2022-04-13 23:56:36,69.3833,178.4167,4.93,91,91,14.67
463,Blagoyevo,RU,2022-04-13 23:56:36,63.3667,47.9167,31.23,88,100,11.88
464,Pangnirtung,CA,2022-04-13 23:52:14,66.1451,-65.7125,-6.92,99,98,5.59
465,Stillwater,US,2022-04-13 23:53:19,36.1156,-97.0584,57.56,33,1,1.99
466,Cap Malheureux,MU,2022-04-13 23:56:37,-19.9842,57.6142,78.48,83,19,8.01
467,Santa Vitoria Do Palmar,BR,2022-04-13 23:56:37,-33.5189,-53.3681,57.06,68,20,8.03
468,Kendari,ID,2022-04-13 23:56:38,-3.945,122.4989,76.55,89,100,4.32
469,Gat,IL,2022-04-13 23:56:38,31.61,34.7642,56.39,72,23,5.86
470,Ajdabiya,LY,2022-04-13 23:56:38,30.7554,20.2263,68.88,25,100,17.02
471,Dalvik,IS,2022-04-13 23:56:39,65.9702,-18.5286,37.33,72,90,12.01
472,Alibunar,RS,2022-04-13 23:56:39,45.0808,20.9658,41.81,61,14,4.03
473,Aleksandrov Gay,RU,2022-04-13 23:56:40,50.147,48.5704,42.48,82,34,14.0
474,Kati,ML,2022-04-13 23:56:40,12.7441,-8.0726,92.61,15,97,3.98
475,Warrington,GB,2022-04-13 23:56:40,53.3925,-2.5802,48.94,89,0,4.61
476,Santiago,CL,2022-04-13 23:54:05,-33.4569,-70.6483,73.29,33,0,9.22
477,Palma Gil,PH,2022-04-13 23:56:41,7.6422,125.6292,80.35,80,95,1.01
478,Anori,BR,2022-04-13 23:56:41,-3.7728,-61.6442,75.18,97,100,2.44
479,Lebedinyy,RU,2022-04-13 23:56:42,58.5167,125.5167,24.62,87,100,12.91
480,Udachnyy,RU,2022-04-13 23:56:42,66.4167,112.4,20.34,92,90,17.49
481,Katsuura,JP,2022-04-13 23:56:42,35.1333,140.3,57.67,90,100,22.35
482,Craigieburn,AU,2022-04-13 23:56:43,-37.6,144.95,67.19,63,0,12.66
483,Careva Cuprija,BA,2022-04-13 23:56:43,44.2658,18.4292,42.31,76,2,3.04
484,Adrar,MR,2022-04-13 23:56:43,20.5022,-10.0711,73.11,21,0,10.98
485,Mehamn,NO,2022-04-13 23:56:44,71.0357,27.8492,26.67,91,100,2.73
486,Tilichiki,RU,2022-04-13 23:56:43,60.4667,166.1,20.75,85,100,10.04
487,Nenagh,IE,2022-04-13 23:56:44,52.8619,-8.1967,47.93,96,71,5.37
488,Ko Samui,TH,2022-04-13 23:54:27,9.5357,99.9357,83.03,77,66,10.65
489,Neryungri,RU,2022-04-13 23:56:45,56.6709,124.6491,26.51,82,100,8.12
490,Ust-Nera,RU,2022-04-13 23:56:45,64.5667,143.2,9.66,91,84,3.04
491,Beisfjord,NO,2022-04-13 23:56:45,68.3751,17.5988,32.05,95,92,1.23
492,Faya,SA,2022-04-13 23:56:46,18.3851,42.4509,64.51,39,9,1.23
493,Campobello Di Mazara,IT,2022-04-13 23:56:46,37.6358,12.7443,58.82,54,100,18.99
494,Wahiawa,US,2022-04-13 23:56:46,21.5028,-158.0236,80.35,55,40,20.71
495,Boffa,GN,2022-04-13 23:56:47,10.1667,-14.0333,75.51,82,57,3.85
496,Dubrajpur,IN,2022-04-13 23:56:47,23.8,87.3833,78.98,67,17,6.11
497,Turukhansk,RU,2022-04-13 23:56:47,65.8167,87.9833,31.87,99,100,8.23
498,Camacupa,AO,2022-04-13 23:56:48,-12.0167,17.4833,61.77,97,100,3.69
499,Yambio,SS,2022-04-13 23:56:48,4.5721,28.3955,70.23,75,61,1.72
500,Morgan Hill,US,2022-04-13 23:52:49,37.1305,-121.6544,63.9,40,0,6.91
501,Yumen,CN,2022-04-13 23:56:49,40.2833,97.2,43.14,11,81,10.56
502,Esperance,AU,2022-04-13 23:56:49,-33.8667,121.9,60.64,79,100,15.05
503,Teguldet,RU,2022-04-13 23:57:49,57.3064,88.1667,27.97,84,8,3.83
504,Belle Fourche,US,2022-04-13 23:57:50,44.6714,-103.8522,21.33,57,100,29.46
505,Divnomorskoye,RU,2022-04-13 23:57:50,44.5011,38.1353,43.0,97,100,32.73
506,Liverpool,GB,2022-04-13 23:54:54,53.4106,-2.9779,48.15,87,0,4.61
507,Beidao,CN,2022-04-13 23:57:51,34.5686,105.8933,50.61,79,100,5.21
508,Sao Pedro Da Aldeia,BR,2022-04-13 23:57:51,-22.8392,-42.1028,77.09,94,40,4.61
509,Nawa,IN,2022-04-13 23:57:51,27.0167,75.0,77.9,33,19,8.72
510,Puerto Baquerizo Moreno,EC,2022-04-13 23:57:51,-0.9,-89.6,79.79,78,40,14.97
511,Bhor,IN,2022-04-13 23:57:52,18.1667,73.85,79.59,34,100,1.32
512,Tari,NG,2022-04-13 23:57:52,12.4086,4.4914,90.14,31,58,12.12
513,Constantine,DZ,2022-04-13 23:57:52,36.365,6.6147,54.81,87,75,4.61
514,Ravar,IR,2022-04-13 23:57:53,31.2656,56.8055,71.78,17,21,6.53
515,Vanavara,RU,2022-04-13 23:57:53,60.34,102.2797,32.25,84,100,13.91
516,Gravdal,NO,2022-04-13 23:57:53,68.1214,13.5031,35.92,77,13,6.58
517,Novo Aripuana,BR,2022-04-13 23:57:54,-5.1206,-60.3797,75.09,97,100,2.42
518,Cuajinicuilapa,MX,2022-04-13 23:57:54,16.4667,-98.4167,85.15,54,74,8.7
519,Maldonado,UY,2022-04-13 23:57:54,-34.6667,-54.9167,60.22,66,4,3.31
520,Saint-Augustin,CA,2022-04-13 23:57:55,51.226,-58.6502,31.51,94,99,3.53
521,Ahtopol,BG,2022-04-13 23:57:55,42.1,27.95,45.63,71,5,6.06
522,Port Hedland,AU,2022-04-13 23:57:55,-20.3167,118.5667,75.25,50,11,5.75
523,Saint Anthony,US,2022-04-13 23:57:56,45.0205,-93.218,40.03,61,100,7.0
524,Alice Springs,AU,2022-04-13 23:57:56,-23.7,133.8833,78.35,29,0,0.0
525,Ust-Maya,RU,2022-04-13 23:57:56,60.4167,134.5333,24.37,84,69,2.68
526,Honiara,SB,2022-04-13 23:57:57,-9.4333,159.95,87.39,62,24,6.11
527,Vila Franca Do Campo,PT,2022-04-13 23:57:57,37.7167,-25.4333,61.21,85,34,8.68
528,Zhigansk,RU,2022-04-13 23:57:57,66.7697,123.3711,22.05,95,100,21.09
529,Gamba,GA,2022-04-13 23:57:57,-2.65,10.0,77.36,90,100,2.1
530,Mount Gambier,AU,2022-04-13 23:57:58,-37.8333,140.7667,55.31,76,100,5.75
531,Maniitsoq,GL,2022-04-13 23:57:58,65.4167,-52.9,20.34,83,15,14.41
532,Morant Bay,JM,2022-04-13 23:57:58,17.8815,-76.4093,82.02,84,10,10.8
533,Jieshi,CN,2022-04-13 23:57:59,22.8134,115.8257,73.94,68,0,13.18
534,Chimbote,PE,2022-04-13 23:57:59,-9.0853,-78.5783,66.34,84,21,10.07
535,San Jose,US,2022-04-13 23:57:53,37.3394,-121.895,63.91,47,0,16.11
536,Garowe,SO,2022-04-13 23:58:00,8.4054,48.4845,74.44,83,7,5.23
537,Ketchikan,US,2022-04-13 23:56:09,55.3422,-131.6461,41.07,31,5,4.43
538,Shubarshi,KZ,2022-04-13 23:58:00,48.5872,57.1869,55.81,71,82,12.21
539,Salalah,OM,2022-04-13 23:55:00,17.0151,54.0924,77.97,73,0,3.65
540,Bluefield,US,2022-04-13 23:56:25,37.2698,-81.2223,68.76,74,73,7.49
541,Umm Kaddadah,SD,2022-04-13 23:58:01,13.6017,26.6876,78.64,12,6,17.67
542,Hualmay,PE,2022-04-13 23:58:01,-11.0964,-77.6139,67.21,82,26,10.02
543,Ippy,CF,2022-04-13 23:58:02,6.2679,21.2247,74.28,77,99,3.69
544,Hennigsdorf,DE,2022-04-13 23:58:02,52.636,13.2042,60.06,58,100,1.48
545,San Policarpo,PH,2022-04-13 23:58:02,12.1791,125.5072,77.41,85,99,6.11
546,Baijiantan,CN,2022-04-13 23:58:03,45.6333,85.1833,52.92,18,0,4.47
547,Wamba,NG,2022-04-13 23:58:03,8.9333,8.6,78.17,74,94,0.69
548,Kousseri,CM,2022-04-13 23:58:03,12.0769,15.0306,91.36,35,12,5.75
549,Henties Bay,NA,2022-04-13 23:58:04,-22.116,14.2845,59.81,86,15,3.09
550,Verkhnyaya Inta,RU,2022-04-13 23:58:04,65.9811,60.3094,32.7,97,100,6.67
551,Soc Trang,VN,2022-04-13 23:56:06,9.6033,105.98,81.36,80,99,4.97
552,Abaete,BR,2022-04-13 23:59:05,-19.16,-45.4458,72.57,84,97,4.07
553,Mana,GF,2022-04-13 23:59:05,5.6592,-53.7767,76.87,85,58,11.59
554,Kirakira,SB,2022-04-13 23:59:05,-10.4544,161.9205,85.77,68,56,8.01
555,Teya,RU,2022-04-13 23:59:06,60.3778,92.6267,36.16,86,100,11.86
556,Vostok,RU,2022-04-13 23:59:06,46.4856,135.8833,35.29,57,44,5.39
557,Huambo,AO,2022-04-13 23:59:07,-12.7761,15.7392,59.58,93,100,1.72
558,Moroni,KM,2022-04-13 23:59:07,-11.7022,43.2551,79.27,78,65,2.73
559,Byron Bay,AU,2022-04-13 23:59:07,-28.65,153.6167,66.7,72,65,12.57
560,Nerchinskiy Zavod,RU,2022-04-13 23:59:08,51.3088,119.61,34.2,42,10,3.53
561,Sainte-Thecle,CA,2022-04-13 23:59:08,46.8168,-72.4991,41.05,96,100,3.09
562,Lysyye Gory,RU,2022-04-13 23:59:08,51.5506,44.8414,50.29,88,100,8.5
563,Corvallis,US,2022-04-13 23:55:49,44.5646,-123.262,48.36,85,75,10.36
564,Monrovia,LR,2022-04-13 23:59:09,6.3005,-10.7969,78.89,86,67,8.41
565,Erzin,TR,2022-04-13 23:59:09,36.9559,36.2,46.83,39,0,4.32
566,Hammerfest,NO,2022-04-13 23:59:10,70.6634,23.6821,28.85,74,40,0.0
567,Petrovsk,RU,2022-04-13 23:59:10,52.3064,45.3917,48.04,88,100,12.08
568,North Smithfield,US,2022-04-13 23:59:10,41.9668,-71.5495,64.58,76,83,3.0
569,Sassandra,CI,2022-04-13 23:59:11,4.95,-6.0833,79.56,81,100,8.12
